{"urls":[
   {"name":"💛蓓蓓影视","url":"https://gitee.com/wxbtt/bbtv/raw/master/bbtv.json"},
   {"name":"💝轩轩影视","url":"https://gitee.com/wxbtt/xuanxuan/raw/master/4k.json"},
   {"name":"🏅涛涛TV","url":"https://gitee.com/wxbtt/tttv/raw/master/al.json"},
   {"name":"👭玩偶高清","url":"https://gitee.com/wxbtt/woal/raw/master/tv.txt"},
   {"name":"🚀catvod","url":"https://m.n13.club/token/ali/jk.php?id=889a0f2d36aa414e84e5863a40857c3b"},
   {"name":"📢欧歌线路","url":"http://m.nxog.top/m/"},
   {"name":"🌈老猫迷","url":"https://m.n13.club"},
   {"name":"🅱码上放生","url":"https://atomgit.com/lintech/tms/raw/master/source/stable/main.json"},
   {"name":"🔘神仙影视","url":"http://www.liuyunw.com:88/img"},
   {"name":"✨恒星资料","url":"http://七星.xyz/hxbd/hxvip.json"},
   {"name":"🌈月光宝盒","url":"https://gh.api.99988866.xyz/https://raw.githubusercontent.com/guot55/yg/main/ygbox.json"},
   {"name":"🐦PG网盘","url":"http://c.nxw.so/PG"},
   {"name":"💛豆瓣接口","url":"https://gh.api.99988866.xyz/https://raw.githubusercontent.com/pdscxz/TV/main/fanqie.json"},
   {"name":"🌒天微科技","url":"https://qixing.myhkw.com/tianwei/svip.json"},
   {"name":"🚒YHY科技库","url":"https://gitee.com/YHYKEJI/box/raw/master/YHYKEJI.txt"},
   {"name":"🌼开心影视","url":"http://rihou.vip:55/天天开心"},
   {"name":"👩‍💼老刘备","url":"https://raw.kkgithub.com/liu673cn/box/main/m.json"},
   {"name":"🍀青木资源","url":"https://tvbox.aoki.fun/M"},
   {"name":"🖥番茄VIP","url":"https://gh.api.99988866.xyz/https://raw.githubusercontent.com/pdscxz/TV/main/fanqie.json"},
   {"name":"💦短剧视频","url":"https://gh.api.99988866.xyz/https://raw.githubusercontent.com/lxhfans/fans/master/%E7%9F%AD%E5%89%A7.json"},
   {"name":"🖥教育专线","url":"https://www.agit.ai/895322156/Q/raw/branch/master/TV/jy.txt"},
   {"name":"💚阿里线路","url":"http://w.nxog.top/m/333.php?ou=公众号欧歌app&mz=all&jar=all&b=欧歌"},
   {"name":"🎀喵影视","url":"http://meowtv.cn/tv"},
   {"name":"💛优创名品","url":"https://uctral.vip/TV/uctral.json"},
   {"name":"🐯精简砂锅","url":"https://m.n13.club/token/ali/jk.php?id=d879ef5bf1254d2cae40f6698cc38af8"},
   {"name":"🔱黄金影视","url":"https://gitlab.com/lzc1021lzc/hjfggzs.hjys/-/raw/main/hjys.free.json"},
   {"name":"🌃宝盒VIP","url":"https://gh.api.99988866.xyz/https://raw.githubusercontent.com/guot55/YGBH/main/vip2.json"},
   {"name":"🍀影迷口","url":"https://jihulab.com/clear1/yingmi/-/raw/main/xh.txt"},
   {"name":"🎀阿里巴巴","url":"http://weixine.link:33/api.json"},
   {"name":"🎀阿里无敌","url":"http://weixine.link:33/ali.json"},
{"name":"🐯跑马砂锅","url":"https://www.agit.ai/ddx/TVBox/raw/branch/master/m.json"},
{"name":"🌼荷城茶秀","url":"http://rihou.vip:88/荷城茶秀"},
{"name":"🍚太硬砂锅","url":"http://饭太硬.top/tv"},
{"name":"🐼肥猫线路","url":"http://肥猫.live"},
{"name":"💛俊佬线路","url":"http://home.jundie.top:81/top98.json"},
{"name":"🐦道长线路","url":"https://pastebin.com/raw/5NHaxyGR"},
{"name":"🌹小米砂锅","url":"http://xhww.fun:63/小米/DEMO.json"},
{"name":"🚒运输砂锅","url":"https://cf.weixine.net/ysc.json"},
{"name":"🌙胖鸭砂锅","url":"https://www.agit.ai/cyl518/yl/raw/branch/master/ml.json"},
{"name":"🌒影迷线路","url":"https://jihulab.com/clear1/yingmi/-/raw/main/xh.txt"},
{"name":"🌃月光砂锅JS","url":"https://gh.api.99988866.xyz/https://raw.githubusercontent.com/guot55/YGBH/main/vip2.json"},
{"name":"🖥不好打开运输砂锅","url":"https://weixine.net/ysc.json"},
{"name":"🌿春盈线路","url":"https://wds.ecsxs.com/230989.json"},
{"name":"🌼菜妮丝砂锅","url":"https://tvbox.cainisi.cf"},
{"name":"🌼云星砂锅","url":"https://itvbox.cc/tvbox/云星日记/1.m3u8"},
{"name":"🌼春风砂锅","url":"https://369936.xyz/web119"},

{"name":"🏡青木备用线路","url":"https://gh.api.99988866.xyz/https://raw.githubusercontent.com/foxccs/free/main/swan/free/Tongyong.json"},
{"name":"🌙香雅情","url":"https://gh.api.99988866.xyz/https://raw.githubusercontent.com//yydfys/yydf/main/XYQTVBox/xyq.json"},
{"name":"🍃蜂蜜线路","url":"https://gh.api.99988866.xyz/https://raw.githubusercontent.com/FongMi/CatVodSpider/main/json/config.json"},
{"name":"🌨高天砂锅JS","url":"https://gh.api.99988866.xyz/https://raw.githubusercontent.com/gaotianliuyun/gao/master/js.json"},
{"name":"☃️蚂蚁砂锅","url":"https://gh.api.99988866.xyz/https://raw.githubusercontent.com/gaotianliuyun/gao/master/js.json"},

{"name":"🍀俊宇砂锅","url":"http://home.jundie.top:81/top98.json"},
{"name":"💦巧技砂锅","url":"http://pandown.pro/tvbox/tvbox.json"},
{"name":"🐹猎狼线路","url":"https://lltv8.top"},
{"name":"🔘精选砂锅","url":"https://codeberg.org/jgfx/box88/raw/branch/master/jg.txt"},
{"name":"🍭老刘备线路","url":"https://raw.liucn.cc/box/m.json"},
{"name":"☪开心线路","url":"https://tvbox.meitufu.com/TVBox/tv.json"},
{"name":"🐾运输车线","url":"https://weixine.net/ysc.json"},
{"name":"🐯宝真砂锅","url":"https://www.agit.ai/sejinan/app/raw/branch/box/hua"},
{"name":"🦊warnig砂锅","url":"https://www.agit.ai/wifi/ts/raw/branch/master/210.bmp"},
{"name":"🦏楞牛砂锅","url":"http://tv.lengniuge.ga/yingshi"},
{"name":"🦉夜猫砂锅","url":"https://d.looks.wang/我爱夜猫子"},
{"name":"🦉少儿频道","url":"https://d.looks.wang/夜猫子少儿频道"},
{"name":"🌪南风砂锅","url":"https://www.agit.ai/Yoursmile7/TVBox/raw/branch/master/XC.json"},
{"name":"🍏青苹果砂锅","url":"https://s2.pub/xpg"},
{"name":"🍎小苹果砂锅","url":"https://la.kstore.space/download/3376/xpg.txt"},
{"name":"🎀元兴砂锅","url":"https://freed.yuanhsing.cf/TVBox/meowcf.json"},
{"name":"🐕二哈砂锅","url":"https://codeberg.org/jgfx/2hacc/raw/branch/main/tvbox.json"},
{"name":"🌿乱世砂锅","url":"http://www.dmtv.ml/mao/single.json"},
{"name":"🏡潇洒砂锅","url":"https://la.kstore.space/download/2863/01.txt"},
{"name":"✨精简砂锅","url":"https://codeberg.org/jgfx/TVBox2/raw/branch/master/Json/jgpro.json"},
{"name":"🏡青木自用线路","url":"http://ftp6590005.host131.sanfengyun.cn/free/api.json"},
{"name":"🚀阿里精品","url":"http://yydsys.top/duo/ali"},
{"name":"🏡应用多多","url":"http://yydsys.top/duo"},
{"name":"🅱yoisk砂锅","url":"https://raw.iqiq.io/Yosakoii/Yosakoii.github.io/main/2023.json"},
{"name":"🐼肥猫砂锅","url":"http://我不是.肥猫.love:63/接口禁止贩卖"},
{"name":"👭人人砂锅","url":"https://www.agit.ai/376242575/zzh/raw/branch/master/txt/影视.txt"}
]}
